Run at Fri Jun 20 17:22:46 UTC 2025
Run at Sat Jun 21 05:33:45 UTC 2025
Run at Sun Jun 22 05:34:40 UTC 2025
Run at Mon Jun 23 05:38:12 UTC 2025
Run at Tue Jun 24 05:37:32 UTC 2025
Run at Wed Jun 25 05:37:26 UTC 2025
Run at Thu Jun 26 05:37:00 UTC 2025
Run at Fri Jun 27 05:38:39 UTC 2025
Run at Sat Jun 28 05:34:36 UTC 2025
Run at Sun Jun 29 05:38:11 UTC 2025
Run at Mon Jun 30 05:39:30 UTC 2025
Run at Tue Jul  1 05:40:16 UTC 2025
Run at Wed Jul  2 05:40:11 UTC 2025
Run at Thu Jul  3 05:40:58 UTC 2025
Run at Fri Jul  4 05:40:13 UTC 2025
Run at Sat Jul  5 05:34:07 UTC 2025
Run at Sun Jul  6 05:34:51 UTC 2025
Run at Mon Jul  7 05:40:13 UTC 2025
Run at Tue Jul  8 05:38:06 UTC 2025
Run at Wed Jul  9 05:42:00 UTC 2025
Run at Thu Jul 10 05:40:38 UTC 2025
Run at Fri Jul 11 05:40:46 UTC 2025
Run at Sat Jul 12 05:36:42 UTC 2025
Run at Sun Jul 13 05:37:31 UTC 2025
Run at Mon Jul 14 05:43:04 UTC 2025
Run at Tue Jul 15 05:42:06 UTC 2025
Run at Wed Jul 16 05:43:09 UTC 2025
Run at Thu Jul 17 05:42:28 UTC 2025
Run at Fri Jul 18 05:44:09 UTC 2025
Run at Sat Jul 19 05:38:50 UTC 2025
Run at Sun Jul 20 05:42:06 UTC 2025
Run at Mon Jul 21 05:44:34 UTC 2025
Run at Tue Jul 22 05:43:03 UTC 2025
Run at Wed Jul 23 05:45:58 UTC 2025
Run at Thu Jul 24 05:43:25 UTC 2025
Run at Fri Jul 25 05:45:44 UTC 2025
Run at Sat Jul 26 05:40:28 UTC 2025
Run at Sun Jul 27 05:42:44 UTC 2025
Run at Mon Jul 28 05:46:04 UTC 2025
Run at Tue Jul 29 05:46:28 UTC 2025
Run at Wed Jul 30 05:47:12 UTC 2025
Run at Thu Jul 31 05:45:35 UTC 2025
Run at Fri Aug  1 05:47:58 UTC 2025
Run at Sat Aug  2 05:43:16 UTC 2025
Run at Sun Aug  3 05:44:19 UTC 2025
Run at Mon Aug  4 05:52:49 UTC 2025
Run at Tue Aug  5 05:47:25 UTC 2025
Run at Wed Aug  6 05:47:59 UTC 2025
Run at Thu Aug  7 05:46:22 UTC 2025
Run at Fri Aug  8 05:46:04 UTC 2025
Run at Sat Aug  9 05:36:19 UTC 2025
Run at Sun Aug 10 05:40:25 UTC 2025
Run at Mon Aug 11 05:45:08 UTC 2025
Run at Tue Aug 12 05:35:25 UTC 2025
Run at Wed Aug 13 05:37:18 UTC 2025
Run at Thu Aug 14 05:37:35 UTC 2025
Run at Fri Aug 15 05:36:53 UTC 2025
Run at Sat Aug 16 05:33:47 UTC 2025
Run at Sun Aug 17 05:34:46 UTC 2025
Run at Mon Aug 18 05:41:10 UTC 2025
Run at Tue Aug 19 05:33:35 UTC 2025
Run at Wed Aug 20 05:33:50 UTC 2025
Run at Thu Aug 21 05:34:01 UTC 2025
Run at Fri Aug 22 05:33:14 UTC 2025
Run at Sat Aug 23 05:31:40 UTC 2025
Run at Sun Aug 24 05:32:38 UTC 2025
Run at Mon Aug 25 05:35:03 UTC 2025
Run at Tue Aug 26 05:34:13 UTC 2025
Run at Wed Aug 27 05:32:40 UTC 2025
Run at Thu Aug 28 05:32:42 UTC 2025
Run at Fri Aug 29 05:32:12 UTC 2025
Run at Sat Aug 30 05:30:34 UTC 2025
Run at Sun Aug 31 05:30:53 UTC 2025
Run at Mon Sep  1 05:33:52 UTC 2025
Run at Tue Sep  2 05:33:25 UTC 2025
Run at Wed Sep  3 05:31:02 UTC 2025
Run at Thu Sep  4 05:31:08 UTC 2025
Run at Fri Sep  5 05:31:51 UTC 2025
Run at Sat Sep  6 05:30:00 UTC 2025
Run at Sun Sep  7 05:30:05 UTC 2025
Run at Mon Sep  8 05:32:19 UTC 2025
Run at Tue Sep  9 05:31:30 UTC 2025
Run at Wed Sep 10 05:31:21 UTC 2025
Run at Thu Sep 11 05:31:32 UTC 2025
Run at Fri Sep 12 05:31:14 UTC 2025
Run at Sat Sep 13 05:29:34 UTC 2025
Run at Sun Sep 14 05:29:41 UTC 2025
Run at Mon Sep 15 05:32:41 UTC 2025
Run at Tue Sep 16 05:31:44 UTC 2025
Run at Wed Sep 17 05:31:35 UTC 2025
Run at Thu Sep 18 05:31:44 UTC 2025
Run at Fri Sep 19 05:31:25 UTC 2025
Run at Sat Sep 20 05:30:58 UTC 2025
Run at Sun Sep 21 05:31:01 UTC 2025
Run at Mon Sep 22 05:32:14 UTC 2025
Run at Tue Sep 23 05:32:20 UTC 2025
Run at Wed Sep 24 05:31:49 UTC 2025
Run at Thu Sep 25 05:32:22 UTC 2025
Run at Fri Sep 26 05:32:05 UTC 2025
Run at Sat Sep 27 05:30:07 UTC 2025
Run at Sun Sep 28 05:30:34 UTC 2025
Run at Mon Sep 29 05:32:40 UTC 2025
Run at Tue Sep 30 05:32:40 UTC 2025
Run at Wed Oct  1 05:32:42 UTC 2025
Run at Thu Oct  2 05:30:59 UTC 2025
Run at Fri Oct  3 05:31:45 UTC 2025
Run at Sat Oct  4 05:30:05 UTC 2025
Run at Sun Oct  5 05:29:49 UTC 2025
Run at Mon Oct  6 05:31:54 UTC 2025
Run at Tue Oct  7 05:31:43 UTC 2025
Run at Wed Oct  8 05:32:15 UTC 2025
Run at Thu Oct  9 05:32:21 UTC 2025
Run at Fri Oct 10 05:32:38 UTC 2025
Run at Sat Oct 11 05:30:45 UTC 2025
Run at Sun Oct 12 05:30:26 UTC 2025
Run at Mon Oct 13 05:33:36 UTC 2025
Run at Tue Oct 14 05:31:56 UTC 2025
Run at Wed Oct 15 05:32:23 UTC 2025
Run at Thu Oct 16 05:31:52 UTC 2025
Run at Fri Oct 17 05:32:29 UTC 2025
Run at Sat Oct 18 05:31:16 UTC 2025
Run at Sun Oct 19 05:32:12 UTC 2025
Run at Mon Oct 20 05:33:29 UTC 2025
Run at Tue Oct 21 05:32:58 UTC 2025
Run at Wed Oct 22 05:33:28 UTC 2025
Run at Thu Oct 23 05:33:10 UTC 2025
Run at Fri Oct 24 05:32:58 UTC 2025
Run at Sat Oct 25 05:31:20 UTC 2025
Run at Sun Oct 26 05:31:55 UTC 2025
Run at Mon Oct 27 05:34:55 UTC 2025
Run at Tue Oct 28 05:34:00 UTC 2025
Run at Wed Oct 29 05:34:31 UTC 2025
Run at Thu Oct 30 05:33:24 UTC 2025
Run at Fri Oct 31 05:33:48 UTC 2025
Run at Sat Nov  1 05:32:04 UTC 2025
Run at Sun Nov  2 05:32:19 UTC 2025
Run at Mon Nov  3 05:34:09 UTC 2025
Run at Tue Nov  4 05:33:41 UTC 2025
Run at Wed Nov  5 05:34:00 UTC 2025
Run at Thu Nov  6 05:33:56 UTC 2025
Run at Fri Nov  7 05:33:38 UTC 2025
Run at Sat Nov  8 05:32:11 UTC 2025
Run at Sun Nov  9 05:32:18 UTC 2025
Run at Mon Nov 10 05:34:12 UTC 2025
Run at Tue Nov 11 05:33:57 UTC 2025
Run at Wed Nov 12 05:34:18 UTC 2025
Run at Thu Nov 13 05:34:50 UTC 2025
Run at Fri Nov 14 05:33:45 UTC 2025
Run at Sat Nov 15 05:32:49 UTC 2025
Run at Sun Nov 16 05:32:45 UTC 2025
Run at Mon Nov 17 05:34:57 UTC 2025
Run at Tue Nov 18 05:34:20 UTC 2025
Run at Wed Nov 19 05:34:53 UTC 2025
Run at Thu Nov 20 05:34:36 UTC 2025
Run at Fri Nov 21 05:34:55 UTC 2025
Run at Sat Nov 22 05:32:06 UTC 2025
Run at Sun Nov 23 05:33:17 UTC 2025
Run at Mon Nov 24 05:36:47 UTC 2025
Run at Tue Nov 25 05:35:43 UTC 2025
Run at Wed Nov 26 05:34:20 UTC 2025
Run at Thu Nov 27 05:35:37 UTC 2025
Run at Fri Nov 28 05:35:13 UTC 2025
Run at Sat Nov 29 05:34:00 UTC 2025
Run at Sun Nov 30 05:34:36 UTC 2025
Run at Mon Dec  1 05:44:03 UTC 2025
Run at Tue Dec  2 05:35:35 UTC 2025
Run at Wed Dec  3 05:34:47 UTC 2025
Run at Thu Dec  4 05:35:41 UTC 2025
Run at Fri Dec  5 05:35:14 UTC 2025
Run at Sat Dec  6 05:33:50 UTC 2025
Run at Sun Dec  7 05:32:48 UTC 2025
Run at Mon Dec  8 05:39:24 UTC 2025
Run at Tue Dec  9 05:36:09 UTC 2025
Run at Wed Dec 10 05:37:55 UTC 2025
Run at Thu Dec 11 05:40:15 UTC 2025
Run at Fri Dec 12 05:38:28 UTC 2025
Run at Sat Dec 13 05:35:33 UTC 2025
Run at Sun Dec 14 05:35:24 UTC 2025
Run at Mon Dec 15 05:42:27 UTC 2025
Run at Tue Dec 16 05:39:49 UTC 2025
Run at Wed Dec 17 05:39:36 UTC 2025
Run at Thu Dec 18 05:39:47 UTC 2025
Run at Fri Dec 19 05:38:51 UTC 2025
Run at Sat Dec 20 05:35:05 UTC 2025
Run at Sun Dec 21 05:35:49 UTC 2025
Run at Mon Dec 22 05:41:07 UTC 2025
Run at Tue Dec 23 05:41:44 UTC 2025
Run at Wed Dec 24 05:41:08 UTC 2025
Run at Thu Dec 25 05:40:58 UTC 2025
Run at Fri Dec 26 05:38:57 UTC 2025
Run at Sat Dec 27 05:37:33 UTC 2025
Run at Sun Dec 28 05:41:09 UTC 2025
Run at Mon Dec 29 05:45:50 UTC 2025
Run at Tue Dec 30 05:41:03 UTC 2025
Run at Wed Dec 31 05:41:46 UTC 2025
Run at Thu Jan  1 05:43:47 UTC 2026
Run at Fri Jan  2 05:42:52 UTC 2026
Run at Sat Jan  3 05:38:07 UTC 2026
Run at Sun Jan  4 05:42:24 UTC 2026
Run at Mon Jan  5 05:51:08 UTC 2026
